sec_code,sec_name,announcement_id,announcement_title,announcement_date,doc_type,section_status,tech_text_compact_chars,chunk_count,chunks,completed_chunks,original_compact_chars,summary_compact_chars,original_length_units,summary_length_units,sentence_count_sum,summary_sentence_count_sum,high_score_count_sum,high_score_share_mean,summary_high_score_gap_mean,relevant_score_mean,n0_sum,n1_sum,n2_sum,n3_sum,n4_sum,n5_sum,llm_complete,length_mode,redundancy_partial,redundancy,source_shard
688559,海目星,1208358657,首次公开发行股票并在科创板上市招股说明书,2020-09-01,final_prospectus,ok,102803,18,18,18,102803,4329,68180,2171,1344,87,732,0.4041341307530579,-35.833333333333336,2.5184161239167113,131,202,156,123,695,37,True,token_proxy,31.404882542607098,31.404882542607098,siliconflow_glm4_32b_table2_next100_after200_shard1_20260708
688551,科威尔,1208379307,首次公开发行股票并在科创板上市招股说明书,2020-09-03,final_prospectus,ok,101453,16,16,16,101453,4195,63258,2103,895,88,181,0.2730086492113744,-5.8125,2.1285628131274863,183,240,157,134,136,45,True,token_proxy,30.079885877318116,30.079885877318116,siliconflow_glm4_32b_table2_next100_after200_shard1_20260708
688577,浙海德曼,1208419956,首次公开发行股票并在科创板上市招股说明书,2020-09-10,final_prospectus,ok,93871,16,16,16,93871,3847,60667,1926,833,88,179,0.2734835018831125,-5.6875,2.0844137335002464,196,197,138,123,144,35,True,token_proxy,31.49896157840083,31.49896157840083,siliconflow_glm4_32b_table2_next100_after200_shard1_20260708
688127,蓝特光学,1208445117,首次公开发行股票并在科创板上市招股说明书,2020-09-16,final_prospectus,ok,84148,14,14,14,84148,3425,53417,1716,795,81,148,0.1880855849322796,-4.785714285714286,1.908386349534252,163,211,142,131,111,37,True,token_proxy,31.12878787878788,31.12878787878788,siliconflow_glm4_32b_table2_next100_after200_shard1_20260708
688536,思瑞浦,1208436947,首次公开发行股票并在科创板上市招股说明书,2020-09-15,final_prospectus,ok,57098,10,10,10,57098,2428,35871,1216,512,54,97,0.2364603437184082,-4.3,1.9457780660200017,126,138,82,69,68,29,True,token_proxy,29.49917763157895,29.49917763157895,siliconflow_glm4_32b_table2_next100_after200_shard1_20260708
688156,路德环境,1208445081,首次公开发行股票并在科创板上市招股说明书,2020-09-16,final_prospectus,ok,97573,17,17,17,97573,4325,64978,2167,871,94,222,0.3398662874166221,-7.529411764705882,2.383607605302029,175,192,150,132,152,70,True,token_proxy,29.985233041070604,29.985233041070604,siliconflow_glm4_32b_table2_next100_after200_shard1_20260708
688526,科前生物,1208450303,首次公开发行股票并在科创板上市招股说明书,2020-09-17,final_prospectus,ok,132364,24,24,24,132364,5634,91267,2822,1406,120,287,0.2414844094164156,-6.958333333333333,2.1492221120414707,224,331,208,207,224,63,True,token_proxy,32.34124734231042,32.34124734231042,siliconflow_glm4_32b_table2_next100_after200_shard1_20260708
688013,天臣医疗,1208474196,首次公开发行股票并在科创板上市招股说明书,2020-09-23,final_prospectus,ok,109385,18,18,18,109385,4390,66732,2201,1263,81,600,0.3097626530846769,-28.833333333333332,2.0858843108012937,198,233,134,98,576,24,True,token_proxy,30.318945933666516,30.318945933666516,siliconflow_glm4_32b_table2_next100_after200_shard1_20260708
688585,上纬新材,1208474233,首次公开发行股票并在科创板上市招股说明书,2020-09-23,final_prospectus,ok,115869,20,20,20,115869,5290,75201,2649,1129,100,239,0.1809435695744365,-6.95,1.7913320240328972,212,318,206,154,201,38,True,token_proxy,28.388448471121176,28.388448471121176,siliconflow_glm4_32b_table2_next100_after200_shard1_20260708
688093,世华科技,1208486409,首次公开发行股票并在科创板上市招股说明书,2020-09-24,final_prospectus,ok,104852,17,17,17,104852,4085,63993,2046,893,92,202,0.2494348557336364,-6.470588235294118,2.080881055764548,145,241,165,140,164,38,True,token_proxy,31.277126099706745,31.277126099706745,siliconflow_glm4_32b_table2_next100_after200_shard1_20260708
688330,宏力达,1208514506,首次公开发行股票并在科创板上市招股说明书,2020-09-30,final_prospectus,ok,104676,18,18,18,104676,4151,69208,2082,1039,91,242,0.2242954046897426,-8.38888888888889,1.955546143647438,205,258,188,146,206,36,True,token_proxy,33.24111431316042,33.24111431316042,siliconflow_glm4_32b_table2_next100_after200_shard1_20260708
688386,泛亚微透,1208539239,首次公开发行股票并在科创板上市招股说明书,2020-10-13,final_prospectus,ok,84158,16,16,16,84158,3600,58122,1802,994,80,412,0.3186285644323899,-20.75,2.303637891605498,132,180,143,127,389,23,True,token_proxy,32.25416204217536,32.25416204217536,siliconflow_glm4_32b_table2_next100_after200_shard1_20260708
688788,科思科技,1208563318,首次公开发行股票并在科创板上市招股说明书,2020-10-15,final_prospectus,ok,105287,17,17,17,105287,4348,64473,2178,965,93,184,0.1943681592253534,-5.352941176470588,2.0040226910867496,182,245,183,171,122,62,True,token_proxy,29.60192837465565,29.60192837465565,siliconflow_glm4_32b_table2_next100_after200_shard1_20260708
688129,东来技术,1208580816,首次公开发行股票并在科创板上市招股说明书,2020-10-19,final_prospectus,ok,83727,15,15,15,83727,3716,55446,1861,754,76,188,0.3178326900101094,-7.466666666666667,2.1108657026141833,208,163,104,91,156,32,True,token_proxy,29.793659322944652,29.793659322944652,siliconflow_glm4_32b_table2_next100_after200_shard1_20260708
688179,阿拉丁,1208585708,首次公开发行股票并在科创板上市招股说明书,2020-10-20,final_prospectus,ok,121486,20,20,20,121486,4839,75995,2425,1036,104,274,0.3122809044712548,-8.5,2.1735171366864914,215,264,153,130,196,78,True,token_proxy,31.338144329896902,31.338144329896902,siliconflow_glm4_32b_table2_next100_after200_shard1_20260708
688529,豪森股份,1208675346,首次公开发行股票并在科创板上市招股说明书,2020-11-03,final_prospectus,ok,115293,19,19,19,115293,4500,73051,2253,1070,97,257,0.2847261869034947,-8.421052631578947,2.030945734511849,256,259,176,122,221,36,True,token_proxy,32.42387927208167,32.42387927208167,siliconflow_glm4_32b_table2_next100_after200_shard1_20260708
688057,金达莱,1208699128,首次公开发行股票并在科创板上市招股说明书,2020-11-06,final_prospectus,ok,163004,28,28,28,163004,7144,108549,3578,1540,142,340,0.242616805131206,-7.071428571428571,2.1247891769409972,276,366,217,226,287,53,True,token_proxy,30.337898267188372,30.337898267188372,siliconflow_glm4_32b_table2_next100_after200_shard1_20260708
688135,利扬芯片,1208691414,首次公开发行股票并在科创板上市招股说明书,2020-11-05,final_prospectus,ok,76507,13,13,13,76507,3366,48241,1685,767,70,188,0.2059344362300519,-9.076923076923077,1.8737235134758736,154,194,132,99,163,25,True,token_proxy,28.62967359050445,28.62967359050445,siliconflow_glm4_32b_table2_next100_after200_shard1_20260708
688160,步科股份,1208699109,首次公开发行股票并在科创板上市招股说明书,2020-11-06,final_prospectus,ok,70827,12,12,12,70827,2877,45475,1442,736,60,93,0.123718809360808,-2.75,1.7110536720162388,149,199,136,101,69,24,True,token_proxy,31.53606102635229,31.53606102635229,siliconflow_glm4_32b_table2_next100_after200_shard1_20260708
688219,会通股份,1208714521,首次公开发行股票并在科创板上市招股说明书,2020-11-10,final_prospectus,ok,77299,13,13,13,77299,3606,50498,1808,775,67,138,0.2011810373973084,-5.461538461538462,1.8865997841311664,207,192,121,117,101,37,True,token_proxy,27.930309734513273,27.930309734513273,siliconflow_glm4_32b_table2_next100_after200_shard1_20260708
688777,中控技术,1208751864,首次公开发行股票并在科创板上市招股说明书,2020-11-17,final_prospectus,ok,87243,14,14,14,87243,3721,54352,1864,860,76,131,0.1916623224972371,-3.928571428571429,1.8749322989525945,192,249,161,127,93,38,True,token_proxy,29.1587982832618,29.1587982832618,siliconflow_glm4_32b_table2_next100_after200_shard2_20260708
688557,兰剑智能,1208805654,首次公开发行股票并在科创板上市招股说明书,2020-11-27,final_prospectus,ok,112949,19,19,19,112949,4264,72675,2137,1126,101,325,0.3155656436319653,-11.789473684210526,2.200152523238374,203,278,167,153,288,37,True,token_proxy,34.007955077211044,34.007955077211044,siliconflow_glm4_32b_table2_next100_after200_shard2_20260708
688578,艾力斯,1208793559,首次公开发行股票并在科创板上市招股说明书,2020-11-25,final_prospectus,ok,111740,20,20,20,111740,4461,74571,2238,1055,102,227,0.2049979537378191,-6.25,1.8745383207235444,221,306,157,144,162,65,True,token_proxy,33.320375335120644,33.320375335120644,siliconflow_glm4_32b_table2_next100_after200_shard2_20260708
688590,新致软件,1208820884,首次公开发行股票并在科创板上市招股说明书,2020-12-01,final_prospectus,ok,76622,12,12,12,76622,3066,45524,1536,710,67,95,0.1337686199978725,-2.3333333333333335,1.738800692595759,149,211,139,116,70,25,True,token_proxy,29.638020833333332,29.638020833333332,siliconflow_glm4_32b_table2_next100_after200_shard2_20260708
688308,欧科亿,1208859875,首次公开发行股票并在科创板上市招股说明书,2020-12-07,final_prospectus,ok,74278,14,14,14,74278,3349,51879,1679,600,67,93,0.2619723216933274,-1.8571428571428572,1.9928363012143884,134,176,118,79,73,20,True,token_proxy,30.89874925550923,30.89874925550923,siliconflow_glm4_32b_table2_next100_after200_shard2_20260708
688571,杭华股份,1208850265,杭华油墨股份有限公司科创板首次公开发行股票招股说明书,2020-12-04,final_prospectus,ok,86429,16,16,16,86429,3788,59019,1897,752,83,202,0.3394785476796831,-7.4375,2.417206568426857,123,174,116,137,170,32,True,token_proxy,31.11175540326832,31.11175540326832,siliconflow_glm4_32b_table2_next100_after200_shard2_20260708
688136,科兴制药,1208859873,首次公开发行股票并在科创板上市招股说明书,2020-12-07,final_prospectus,ok,101166,18,18,18,101166,4029,68097,2017,892,97,159,0.2514329949772175,-3.4444444444444446,2.035111653186218,216,223,141,153,132,27,True,token_proxy,33.76152702032722,33.76152702032722,siliconflow_glm4_32b_table2_next100_after200_shard2_20260708
688510,航亚科技,1208870807,首次公开发行股票并在科创板上市招股说明书,2020-12-09,final_prospectus,ok,86089,15,15,15,86089,3501,54402,1755,751,78,240,0.3351023312550827,-10.8,2.348149815481748,123,160,108,120,145,95,True,token_proxy,30.9982905982906,30.9982905982906,siliconflow_glm4_32b_table2_next100_after200_shard2_20260708
688608,恒玄科技,1208870808,首次公开发行股票并在科创板上市招股说明书,2020-12-09,final_prospectus,ok,59423,10,10,10,59423,2589,37323,1296,503,53,106,0.3073261054543034,-5.3,2.1173507886255383,104,149,79,65,91,15,True,token_proxy,28.79861111111111,28.79861111111111,siliconflow_glm4_32b_table2_next100_after200_shard2_20260708
688699,明微电子,1208896828,首次公开发行股票并在科创板上市招股说明书,2020-12-14,final_prospectus,ok,79381,14,14,14,79381,3338,51549,1673,727,74,135,0.2035522808464966,-4.357142857142857,2.0256240767225195,150,179,126,137,107,28,True,token_proxy,30.81231320980275,30.81231320980275,siliconflow_glm4_32b_table2_next100_after200_shard2_20260708
688668,鼎通科技,1208901343,首次公开发行股票并在科创板上市招股说明书,2020-12-15,final_prospectus,ok,67984,12,12,12,67985,3206,43579,1605,634,64,115,0.2089164173423809,-4.25,1.9604664552897415,127,171,126,95,84,31,True,token_proxy,27.15202492211838,27.15202492211838,siliconflow_glm4_32b_table2_next100_after200_shard2_20260708
688560,明冠新材,1208928638,首次公开发行股票并在科创板上市招股说明书,2020-12-18,final_prospectus,ok,74293,14,14,14,74293,3263,50493,1635,706,65,191,0.2664076460077118,-9.0,1.9750680533350051,153,180,99,83,170,21,True,token_proxy,30.88256880733945,30.88256880733945,siliconflow_glm4_32b_table2_next100_after200_shard2_20260708
688658,悦康药业,1208928643,首次公开发行股票并在科创板上市招股说明书,2020-12-18,final_prospectus,ok,115743,21,21,21,115743,4906,78874,2459,1061,101,241,0.2601358163990255,-6.666666666666667,2.1374741593686255,217,241,163,199,178,63,True,token_proxy,32.07564050427003,32.07564050427003,siliconflow_glm4_32b_table2_next100_after200_shard2_20260708
688679,通源环境,1208928608,首次公开发行股票并在科创板上市招股说明书,2020-12-18,final_prospectus,ok,64755,11,11,11,64755,2483,41614,1244,643,51,194,0.2427839428203241,-13.0,1.9472971255350588,139,144,83,83,171,23,True,token_proxy,33.451768488745984,33.451768488745984,siliconflow_glm4_32b_table2_next100_after200_shard2_20260708
688698,伟创电气,1208972449,首次公开发行股票并在科创板上市招股说明书,2020-12-24,final_prospectus,ok,89579,16,16,16,89579,4324,59609,2164,917,85,262,0.3111544085765043,-11.0625,2.169936803429986,230,202,118,105,220,42,True,token_proxy,27.545748613678377,27.545748613678377,siliconflow_glm4_32b_table2_next100_after200_shard2_20260708
688063,派能科技,1208972447,首次公开发行股票并在科创板上市招股说明书,2020-12-24,final_prospectus,ok,89565,15,15,15,89565,3868,57212,1937,747,79,136,0.2961317191851119,-3.8,2.1425659925567233,161,220,127,103,97,39,True,token_proxy,29.536396489416624,29.536396489416624,siliconflow_glm4_32b_table2_next100_after200_shard2_20260708
688618,三旺通信,1208981799,首次公开发行股票并在科创板上市招股说明书,2020-12-25,final_prospectus,ok,92674,16,16,16,92674,3688,58303,1848,839,83,177,0.2537290956144549,-5.875,2.018594698419832,163,237,138,124,155,22,True,token_proxy,31.549242424242426,31.549242424242426,siliconflow_glm4_32b_table2_next100_after200_shard2_20260708
688686,奥普特,1209001449,首次公开发行股票并在科创板上市招股说明书,2020-12-28,final_prospectus,ok,80132,14,14,14,80132,3946,51153,1978,749,71,269,0.3338237330172813,-14.142857142857142,2.336403448701836,120,151,101,108,234,35,True,token_proxy,25.86097067745197,25.86097067745197,siliconflow_glm4_32b_table2_next100_after200_shard2_20260708
688617,惠泰医疗,1209037066,首次公开发行股票并在科创板上市招股说明书,2021-01-04,final_prospectus,ok,135955,24,24,24,135955,5736,92315,2874,1302,103,145,0.1433927034433064,-1.75,1.6191378703180876,397,266,146,162,115,30,True,token_proxy,32.120737647877526,32.120737647877526,siliconflow_glm4_32b_table2_next100_after200_shard2_20260708
688656,浩欧博,1209065383,首次公开发行股票并在科创板上市招股说明书,2021-01-08,final_prospectus,ok,87471,15,15,15,87471,3323,56562,1666,917,80,248,0.2485465168594571,-11.2,2.074667128007877,168,225,159,117,183,65,True,token_proxy,33.95078031212485,33.95078031212485,siliconflow_glm4_32b_table2_next100_after200_shard2_20260708
688317,之江生物,1209084097,首次公开发行股票并在科创板上市招股说明书,2021-01-12,final_prospectus,ok,159406,26,26,26,159406,6062,100907,3038,1622,109,148,0.0992277062601894,-1.5,1.62912828098914,292,627,203,294,109,39,True,token_proxy,33.214944042132984,33.214944042132984,siliconflow_glm4_32b_table2_next100_after200_shard3_20260708
688819,天能股份,1209078953,首次公开发行股票并在科创板上市招股说明书,2021-01-11,final_prospectus,ok,67304,11,11,11,67304,2935,42489,1470,641,62,98,0.1523559581696073,-3.272727272727273,1.7706535777758707,137,193,114,99,69,29,True,token_proxy,28.90408163265306,28.90408163265306,siliconflow_glm4_32b_table2_next100_after200_shard3_20260708
688680,海优新材,1209135684,首次公开发行股票并在科创板上市招股说明书,2021-01-19,final_prospectus,ok,67284,12,12,12,67284,2673,45606,1339,686,62,180,0.2317526099448142,-9.833333333333334,1.943822182397451,145,166,109,86,151,29,True,token_proxy,34.05974607916355,34.05974607916355,siliconflow_glm4_32b_table2_next100_after200_shard3_20260708
688669,聚石化学,1209135619,首次公开发行股票并在科创板上市招股说明书,2021-01-19,final_prospectus,ok,87951,16,16,16,87951,3619,60633,1814,970,73,248,0.2585468939092041,-10.9375,2.122983870967742,176,176,114,112,220,28,True,token_proxy,33.42502756339581,33.42502756339581,siliconflow_glm4_32b_table2_next100_after200_shard3_20260708
688689,银河微电,1209135763,首次公开发行股票并在科创板上市招股说明书,2021-01-19,final_prospectus,ok,99023,18,18,18,99023,3936,68391,1974,1172,91,583,0.4010352707110192,-27.333333333333332,2.575225318576799,126,181,139,143,518,65,True,token_proxy,34.64589665653495,34.64589665653495,siliconflow_glm4_32b_table2_next100_after200_shard3_20260708
688350,富淼科技,1209178371,首次公开发行股票并在科创板上市招股说明书,2021-01-25,final_prospectus,ok,100556,17,17,17,100556,6962,64830,3485,965,76,172,0.2026837052734243,-5.647058823529412,1.8566262663348203,197,241,135,90,149,23,True,token_proxy,18.6025824964132,18.6025824964132,siliconflow_glm4_32b_table2_next100_after200_shard3_20260708
688607,康众医疗,1209195030,首次公开发行股票并在科创板上市招股说明书,2021-01-27,final_prospectus,ok,90986,15,15,15,90986,3819,56730,1915,798,78,177,0.2419659473016299,-6.6,2.06774865262712,161,213,128,119,109,68,True,token_proxy,29.62402088772846,29.62402088772846,siliconflow_glm4_32b_table2_next100_after200_shard3_20260708
688628,优利德,1209188011,首次公开发行股票并在科创板上市招股说明书,2021-01-26,final_prospectus,ok,155437,27,27,27,155437,7639,104663,3827,1577,143,515,0.3191361048372637,-13.77777777777778,2.237667012233072,291,326,234,211,463,52,True,token_proxy,27.34857590802195,27.34857590802195,siliconflow_glm4_32b_table2_next100_after200_shard3_20260708
688059,华锐精密,1209233825,华锐精密首次公开发行股票并在科创板上市招股说明书,2021-02-03,final_prospectus,ok,63133,11,11,11,63133,2692,42706,1349,634,60,92,0.1459250130475734,-2.909090909090909,1.7387069797728107,151,171,121,99,68,24,True,token_proxy,31.657524091919942,31.657524091919942,siliconflow_glm4_32b_table2_next100_after200_shard3_20260708
688687,凯因科技,1209225161,凯因科技首次公开发行股票并在科创板上市招股说明书,2021-02-02,final_prospectus,ok,114964,20,20,20,114964,4706,75390,2357,1027,112,170,0.1993255299674744,-2.9,1.9158290819516688,222,286,192,157,124,46,True,token_proxy,31.98557488332626,31.98557488332626,siliconflow_glm4_32b_table2_next100_after200_shard3_20260708
688665,四方光电,1209239107,四方光电首次公开发行股票并在科创板上市招股说明书,2021-02-04,final_prospectus,ok,114444,20,20,20,114444,5339,75014,2674,1190,100,282,0.2555666129815258,-9.1,2.180334590218745,187,287,185,187,248,34,True,token_proxy,28.053103964098728,28.053103964098728,siliconflow_glm4_32b_table2_next100_after200_shard3_20260708
688619,罗普特,1209265944,罗普特首次公开发行股票并在科创板上市招股说明书,2021-02-10,final_prospectus,ok,133634,23,23,23,133634,6966,85284,3489,1564,118,716,0.3821042611843207,-26.0,2.340682299583921,256,275,174,143,654,62,True,token_proxy,24.443680137575235,24.443680137575235,siliconflow_glm4_32b_table2_next100_after200_shard3_20260708
688183,生益电子,1209280522,生益电子首次公开发行股票并在科创板上市招股说明书,2021-02-19,final_prospectus,ok,135637,24,24,24,135637,5772,90286,2893,1383,123,429,0.3234199669508081,-12.75,2.226117279606606,256,311,199,188,340,89,True,token_proxy,31.20843415139993,31.20843415139993,siliconflow_glm4_32b_table2_next100_after200_shard3_20260708
688677,海泰新光,1209287021,海泰新光首次公开发行股票并在科创板上市招股说明书,2021-02-22,final_prospectus,ok,84511,14,14,14,84511,3340,53443,1674,781,77,124,0.1555879570702167,-3.357142857142857,1.7826774912870036,181,211,129,136,85,39,True,token_proxy,31.925328554360817,31.925328554360817,siliconflow_glm4_32b_table2_next100_after200_shard3_20260708
688079,美迪凯,1209301240,美迪凯首次公开发行股票并在科创板上市招股说明书,2021-02-25,final_prospectus,ok,72065,12,12,12,72065,3412,46106,1709,682,68,204,0.2559879387836377,-11.333333333333334,2.1101370952857263,121,158,107,92,130,74,True,token_proxy,26.978349912229373,26.978349912229373,siliconflow_glm4_32b_table2_next100_after200_shard3_20260708
688696,极米科技,1209301242,极米科技首次公开发行股票并在科创板上市招股说明书,2021-02-25,final_prospectus,ok,116743,21,21,21,116743,5267,81182,2638,1682,90,934,0.3701643487243615,-40.19047619047619,2.4184246863439496,190,227,149,129,877,57,True,token_proxy,30.77407126611069,30.77407126611069,siliconflow_glm4_32b_table2_next100_after200_shard3_20260708
688328,深科达,1209325112,深科达首次公开发行股票并在科创板上市招股说明书,2021-03-03,final_prospectus,ok,87667,16,16,16,87667,3793,59532,1901,1047,81,444,0.3495945299802629,-22.6875,2.3122784145417254,142,224,135,102,407,37,True,token_proxy,31.31614939505523,31.31614939505523,siliconflow_glm4_32b_table2_next100_after200_shard3_20260708
688676,金盘科技,1209331503,金盘科技首次公开发行股票并在科创板上市招股说明书,2021-03-04,final_prospectus,ok,115781,20,20,20,115781,5183,74715,2595,954,110,221,0.3104412777655865,-5.55,2.357927905481189,169,225,160,179,181,40,True,token_proxy,28.791907514450862,28.791907514450862,siliconflow_glm4_32b_table2_next100_after200_shard3_20260708
688083,中望软件,1209347204,中望软件首次公开发行股票并在科创板上市招股说明书,2021-03-08,final_prospectus,ok,128097,21,21,21,128097,4759,80901,2384,1239,105,198,0.171079948037622,-4.428571428571429,1.9867291787853565,205,262,191,383,162,36,True,token_proxy,33.93498322147651,33.93498322147651,siliconflow_glm4_32b_table2_next100_after200_shard3_20260708
688316,青云科技,1209353886,青云科技首次公开发行股票并在科创板上市招股说明书,2021-03-09,final_prospectus,ok,119834,20,20,20,119834,4211,75099,2113,1076,86,133,0.1911976473141656,-2.35,1.9192508768316685,340,207,132,209,113,20,True,token_proxy,35.54141031708471,35.54141031708471,siliconflow_glm4_32b_table2_next100_after200_shard3_20260708
688456,有研粉材,1209371603,有研粉材首次公开发行股票并在科创板上市招股说明书,2021-03-12,final_prospectus,ok,86892,15,15,15,86892,3463,57539,1736,780,80,148,0.2250231816040386,-4.533333333333333,1.867771995338736,206,201,121,104,105,43,True,token_proxy,33.14458525345622,33.14458525345622,siliconflow_glm4_32b_table2_next100_after200_shard4_20260708
688616,西力科技,1209371610,西力科技首次公开发行股票并在科创板上市招股说明书,2021-03-12,final_prospectus,ok,80151,14,14,14,80151,3227,54162,1616,903,71,300,0.2722794287600772,-16.357142857142858,2.0389605503441137,173,202,128,100,269,31,True,token_proxy,33.51608910891089,33.51608910891089,siliconflow_glm4_32b_table2_next100_after200_shard4_20260708
688092,爱科科技,1209385390,爱科科技首次公开发行股票并在科创板上市招股说明书,2021-03-16,final_prospectus,ok,99303,17,17,17,99303,3835,63026,1920,903,92,235,0.3242983249340468,-8.411764705882353,2.3687495983872218,148,218,164,138,168,67,True,token_proxy,32.82604166666667,32.82604166666667,siliconflow_glm4_32b_table2_next100_after200_shard4_20260708
688609,九联科技,1209393690,九联科技首次公开发行股票并在科创板上市招股说明书,2021-03-17,final_prospectus,ok,168907,28,28,28,168907,6981,108023,3499,1532,138,453,0.274541937160195,-11.25,2.063318026130306,281,379,234,185,415,38,True,token_proxy,30.872535010002856,30.872535010002856,siliconflow_glm4_32b_table2_next100_after200_shard4_20260708
688633,星球石墨,1209410747,星球石墨首次公开发行股票并在科创板上市招股说明书,2021-03-19,final_prospectus,ok,62402,11,11,11,62402,2699,41495,1351,647,57,171,0.2145412084928213,-10.363636363636363,1.8585287173996852,127,148,115,86,124,47,True,token_proxy,30.714285714285715,30.714285714285715,siliconflow_glm4_32b_table2_next100_after200_shard4_20260708
688606,奥泰生物,1209410745,奥泰生物首次公开发行股票并在科创板上市招股说明书,2021-03-19,final_prospectus,ok,107662,18,18,18,107662,4511,67984,2258,970,91,230,0.269770869138358,-7.722222222222222,2.1195621007109455,164,248,155,111,183,47,True,token_proxy,30.108060230292296,30.108060230292296,siliconflow_glm4_32b_table2_next100_after200_shard4_20260708
688195,腾景科技,1209420396,腾景科技首次公开发行股票并在科创板上市招股说明书,2021-03-22,final_prospectus,ok,76934,13,13,13,76934,3343,50980,1674,746,67,120,0.1677921444287668,-4.076923076923077,1.9864708517815728,127,191,127,123,89,31,True,token_proxy,30.45400238948626,30.45400238948626,siliconflow_glm4_32b_table2_next100_after200_shard4_20260708
688329,艾隆科技,1209402606,艾隆科技首次公开发行股票并在科创板上市招股说明书,2021-03-18,final_prospectus,ok,50616,9,9,9,50616,2306,33694,1155,550,43,64,0.1116574402613263,-2.3333333333333335,1.449131547361259,163,147,101,75,48,16,True,token_proxy,29.172294372294377,29.172294372294377,siliconflow_glm4_32b_table2_next100_after200_shard4_20260708
688661,和林微纳,1209427045,和林微纳首次公开发行股票并在科创板上市招股说明书,2021-03-23,final_prospectus,ok,79547,13,13,13,79547,3043,50397,1525,696,67,150,0.2440566256772297,-6.384615384615385,2.1127525990827265,119,164,105,80,91,59,True,token_proxy,33.0472131147541,33.0472131147541,siliconflow_glm4_32b_table2_next100_after200_shard4_20260708
688109,品茗股份,1209438326,品茗股份首次公开发行股票并在科创板上市招股说明书,2021-03-24,final_prospectus,ok,92494,15,15,15,92494,3473,58262,1741,842,75,121,0.1983697247063088,-3.066666666666667,1.773132240448623,257,218,139,107,93,28,True,token_proxy,33.4646754738656,33.4646754738656,siliconflow_glm4_32b_table2_next100_after200_shard4_20260708
688626,翔宇医疗,1209445016,翔宇医疗首次公开发行股票并在科创板上市招股说明书,2021-03-25,final_prospectus,ok,118811,20,20,20,118811,5000,78095,2505,1206,105,269,0.2676460630418459,-8.2,2.18482126662515,227,261,183,266,204,65,True,token_proxy,31.17564870259481,31.17564870259481,siliconflow_glm4_32b_table2_next100_after200_shard4_20260708
688659,元琛科技,1209453856,元琛科技首次公开发行股票并在科创板上市招股说明书,2021-03-26,final_prospectus,ok,88421,16,16,16,88421,3537,58811,1772,888,86,186,0.2173891022102131,-6.25,2.123827193157416,156,234,160,152,135,51,True,token_proxy,33.18905191873589,33.18905191873589,siliconflow_glm4_32b_table2_next100_after200_shard4_20260708
688630,芯碁微装,1209468294,芯碁微装首次公开发行股票并在科创板上市招股说明书,2021-03-29,final_prospectus,ok,81225,14,14,14,81225,3820,51686,1915,727,80,209,0.2948251115070631,-9.214285714285714,2.1587456032989487,139,173,111,95,166,43,True,token_proxy,26.990078328981724,26.990078328981724,siliconflow_glm4_32b_table2_next100_after200_shard4_20260708
688662,富信科技,1209468297,富信科技首次公开发行股票并在科创板上市招股说明书,2021-03-29,final_prospectus,ok,105459,18,18,18,105459,5352,68972,2680,941,90,229,0.2970703456336874,-7.722222222222222,2.2363844533065755,191,185,129,145,196,33,True,token_proxy,25.735820895522387,25.735820895522387,siliconflow_glm4_32b_table2_next100_after200_shard4_20260708
688260,昀冢科技,1209468286,昀冢科技首次公开发行股票并在科创板上市招股说明书,2021-03-29,final_prospectus,ok,99745,17,17,17,99745,4348,64755,2179,914,92,154,0.2121986966018506,-3.647058823529412,2.041689528111801,169,236,179,176,116,38,True,token_proxy,29.71776044056907,29.71776044056907,siliconflow_glm4_32b_table2_next100_after200_shard4_20260708
688191,智洋创新,1209567481,智洋创新首次公开发行股票并在科创板上市招股说明书,2021-04-01,final_prospectus,ok,103151,18,18,18,103151,4245,67656,2126,1134,93,565,0.4822875802724931,-26.22222222222222,2.723664508309161,133,201,130,105,474,91,True,token_proxy,31.823142050799625,31.823142050799625,siliconflow_glm4_32b_table2_next100_after200_shard4_20260708
688636,智明达,1209567497,智明达首次公开发行股票并在科创板上市招股说明书,2021-04-01,final_prospectus,ok,120027,20,20,20,120027,4469,77638,2242,1177,87,259,0.2213629522999411,-8.6,1.9680731253074704,235,266,162,137,230,29,True,token_proxy,34.62890276538805,34.62890276538805,siliconflow_glm4_32b_table2_next100_after200_shard4_20260708
688468,科美诊断,1209626107,科美诊断首次公开发行股票并在科创板上市招股说明书,2021-04-02,final_prospectus,ok,95381,17,17,17,95381,4104,64071,2058,1197,82,397,0.3018027915951791,-18.529411764705884,2.147272567041793,164,386,144,106,363,34,True,token_proxy,31.132653061224488,31.132653061224488,siliconflow_glm4_32b_table2_next100_after200_shard4_20260708
688611,杭州柯林,1209638964,杭州柯林首次公开发行股票并在科创板上市招股说明书,2021-04-06,final_prospectus,ok,71606,12,12,12,71606,2775,45545,1388,641,64,141,0.2794688066385455,-6.416666666666667,2.129247533380598,119,169,118,94,121,20,True,token_proxy,32.81340057636888,32.81340057636888,siliconflow_glm4_32b_table2_next100_after200_shard4_20260708
688683,莱尔科技,1209638967,莱尔科技首次公开发行股票并在科创板上市招股说明书,2021-04-06,final_prospectus,ok,90376,16,16,16,90376,3580,62313,1795,999,77,396,0.3342825940860215,-19.9375,2.1973584976105136,176,194,134,99,374,22,True,token_proxy,34.71476323119777,34.71476323119777,siliconflow_glm4_32b_table2_next100_after200_shard4_20260708
688663,新风光,1209649781,新风光首次公开发行股票并在科创板上市招股说明书,2021-04-08,final_prospectus,ok,77485,13,13,13,77485,3397,50330,1701,722,71,282,0.436394554392194,-16.23076923076923,2.668746819808975,99,132,93,116,218,64,True,token_proxy,29.588477366255145,29.588477366255145,siliconflow_glm4_32b_table2_next100_after200_shard5_20260708
688533,上声电子,1209678374,上声电子首次公开发行股票并在科创板上市招股说明书,2021-04-13,final_prospectus,ok,69272,12,12,12,69272,2810,45072,1408,622,64,176,0.3083317332309268,-9.333333333333334,2.291916993798714,92,140,119,95,150,26,True,token_proxy,32.01136363636363,32.01136363636363,siliconflow_glm4_32b_table2_next100_after200_shard5_20260708
688682,霍莱沃,1209690954,霍莱沃首次公开发行股票并在科创板上市招股说明书,2021-04-15,final_prospectus,ok,68601,12,12,12,68601,2640,43902,1322,683,61,157,0.2051984515603685,-8.0,1.846924653190882,138,186,116,86,113,44,True,token_proxy,33.20877458396369,33.20877458396369,siliconflow_glm4_32b_table2_next100_after200_shard5_20260708
688201,信安世纪,1209690672,信安世纪首次公开发行股票并在科创板上市招股说明书,2021-04-15,final_prospectus,ok,97840,16,16,16,97840,3697,61578,1853,1029,78,547,0.5070532271641143,-29.3125,2.7420905968285,140,144,99,99,516,31,True,token_proxy,33.231516459794925,33.231516459794925,siliconflow_glm4_32b_table2_next100_after200_shard5_20260708
688639,华恒生物,1209701347,华恒生物首次公开发行股票并在科创板上市招股说明书,2021-04-16,final_prospectus,ok,79903,13,13,13,79903,3364,51084,1686,753,71,139,0.1957768279418403,-5.230769230769231,1.8699625638255557,176,207,123,108,93,46,True,token_proxy,30.298932384341636,30.298932384341636,siliconflow_glm4_32b_table2_next100_after200_shard5_20260708
688323,瑞华泰,1209777027,瑞华泰首次公开发行股票并在科创板上市招股说明书,2021-04-23,final_prospectus,ok,53974,10,10,10,53974,2785,36121,1395,477,54,92,0.1966529622601728,-3.8,2.0382677981586896,77,120,96,92,68,24,True,token_proxy,25.893189964157703,25.893189964157703,siliconflow_glm4_32b_table2_next100_after200_shard5_20260708
688383,新益昌,1209777031,新益昌首次公开发行股票并在科创板上市招股说明书,2021-04-23,final_prospectus,ok,85328,15,15,15,85328,3859,56674,1933,911,75,282,0.3001479397015675,-13.8,2.1005732185347257,218,186,117,108,235,47,True,token_proxy,29.31919296430419,29.31919296430419,siliconflow_glm4_32b_table2_next100_after200_shard5_20260708
688395,正弦电气,1209777033,正弦电气首次公开发行股票并在科创板上市招股说明书,2021-04-23,final_prospectus,ok,60116,11,11,11,60116,2367,38993,1187,540,47,73,0.195378576144787,-2.363636363636364,1.858890110549225,121,140,85,67,55,18,True,token_proxy,32.850042122999156,32.850042122999156,siliconflow_glm4_32b_table2_next100_after200_shard5_20260708
688113,联测科技,1209845039,联测科技首次公开发行股票并在科创板上市招股说明书,2021-04-28,final_prospectus,ok,89200,15,15,15,89200,4286,57477,2148,838,76,215,0.2574431496630138,-9.266666666666667,2.2013377162358485,134,186,123,118,166,49,True,token_proxy,26.758379888268156,26.758379888268156,siliconflow_glm4_32b_table2_next100_after200_shard5_20260708
688655,迅捷兴,1209880526,迅捷兴首次公开发行股票并在科创板上市招股说明书,2021-04-30,final_prospectus,ok,95843,17,17,17,95843,4044,65133,2025,978,87,332,0.3953271470249851,-14.411764705882351,2.467201612933662,161,217,155,113,283,49,True,token_proxy,32.16444444444444,32.16444444444444,siliconflow_glm4_32b_table2_next100_after200_shard5_20260708
688097,博众精工,1209925757,博众精工首次公开发行股票并在科创板上市招股说明书,2021-05-06,final_prospectus,ok,125427,20,20,20,125427,4790,76433,2401,1016,106,167,0.212893161328228,-3.05,1.9977341442545835,216,272,188,173,131,36,True,token_proxy,31.833819241982507,31.833819241982507,siliconflow_glm4_32b_table2_next100_after200_shard5_20260708
688355,明志科技,1209936160,明志科技首次公开发行股票并在科创板上市招股说明书,2021-05-07,final_prospectus,ok,100973,18,18,18,100973,4285,68013,2146,976,96,325,0.3456597044804621,-12.72222222222222,2.4684800422305604,150,199,142,160,241,84,True,token_proxy,31.69291705498602,31.69291705498602,siliconflow_glm4_32b_table2_next100_after200_shard5_20260708
688565,力源科技,1209944605,力源科技首次公开发行股票并在科创板上市招股说明书,2021-05-10,final_prospectus,ok,80064,14,14,14,80064,3443,51715,1725,767,74,129,0.1602080802442315,-3.928571428571429,1.8775620580959849,148,213,128,149,102,27,True,token_proxy,29.979710144927537,29.979710144927537,siliconflow_glm4_32b_table2_next100_after200_shard5_20260708
688217,睿昂基因,1209949838,睿昂基因首次公开发行股票并在科创板上市招股说明书,2021-05-11,final_prospectus,ok_manual_page_anchor,89623,16,16,16,89623,3482,59619,1745,848,72,113,0.1460995150748471,-2.5625,1.5616416078079978,286,222,118,109,88,25,True,token_proxy,34.16561604584527,34.16561604584527,siliconflow_glm4_32b_table2_next100_after200_shard5_20260708
688575,亚辉龙,1209953741,亚辉龙首次公开发行股票并在科创板上市招股说明书,2021-05-12,final_prospectus,ok,150030,26,26,26,150030,5924,97319,2967,1631,125,595,0.2901689997752616,-18.076923076923077,2.047425973197673,313,360,207,156,519,76,True,token_proxy,32.800471857094706,32.800471857094706,siliconflow_glm4_32b_table2_next100_after200_shard5_20260708
688314,康拓医疗,1209958252,康拓医疗首次公开发行股票并在科创板上市招股说明书,2021-05-13,final_prospectus,ok,68637,12,12,12,68637,3200,45003,1603,669,67,175,0.260973499176766,-9.0,2.2245367166541765,131,131,89,143,129,46,True,token_proxy,28.074235807860266,28.074235807860266,siliconflow_glm4_32b_table2_next100_after200_shard5_20260708
688660,电气风电,1209958256,电气风电首次公开发行股票并在科创板上市招股说明书,2021-05-13,final_prospectus,ok,120822,21,21,21,120822,5481,80215,2746,1221,104,344,0.2282100095394001,-11.428571428571429,2.032830088856426,192,284,185,156,307,37,True,token_proxy,29.211580480699197,29.211580480699197,siliconflow_glm4_32b_table2_next100_after200_shard5_20260708
688076,诺泰生物,1209971356,诺泰生物首次公开发行股票并在科创板上市招股说明书,2021-05-14,final_prospectus,ok,158881,27,27,27,158881,6530,102800,3273,1426,135,179,0.1507076751693786,-1.6296296296296295,1.8071979065163648,312,392,269,212,135,44,True,token_proxy,31.40849373663306,31.40849373663306,siliconflow_glm4_32b_table2_next100_after200_shard5_20260708
688359,三孚新科,1209996037,三孚新科首次公开发行股票并在科创板上市招股说明书,2021-05-18,final_prospectus,ok,82122,15,15,15,82122,3792,55970,1901,742,75,220,0.3655643430643431,-9.666666666666666,2.537294031848563,106,165,119,132,190,30,True,token_proxy,29.442398737506576,29.442398737506576,siliconflow_glm4_32b_table2_next100_after200_shard5_20260708
688613,奥精医疗,1209983435,奥精医疗首次公开发行股票并在科创板上市招股说明书,2021-05-17,final_prospectus,ok,95891,16,16,16,95891,3819,61488,1915,844,86,107,0.1744060423112515,-1.3125,1.7007570430996524,224,270,135,108,81,26,True,token_proxy,32.108616187989554,32.108616187989554,siliconflow_glm4_32b_table2_next100_after200_shard5_20260708
